-- V5__Insert_sample_data.sql
-- Insert sample data for testing and demonstration
-- Business Rules: BR001, BR002, BR004, BR005

-- Insert sample accounts
INSERT INTO accounts (account_id, created_at, updated_at) VALUES
('12345678901', CURRENT_TIMESTAMP, CURRENT_TIMESTAMP),
('23456789012', CURRENT_TIMESTAMP, CURRENT_TIMESTAMP),
('34567890123', CURRENT_TIMESTAMP, CURRENT_TIMESTAMP),
('45678901234', CURRENT_TIMESTAMP, CURRENT_TIMESTAMP),
('56789012345', CURRENT_TIMESTAMP, CURRENT_TIMESTAMP);

-- Insert sample users (BR001)
INSERT INTO users (user_id, user_type, created_at, updated_at) VALUES
('ADMIN001', 'ADMIN', CURRENT_TIMESTAMP, CURRENT_TIMESTAMP),
('USER001', 'REGULAR', CURRENT_TIMESTAMP, CURRENT_TIMESTAMP),
('USER002', 'REGULAR', CURRENT_TIMESTAMP, CURRENT_TIMESTAMP),
('USER003', 'REGULAR', CURRENT_TIMESTAMP, CURRENT_TIMESTAMP);

-- Insert sample credit cards (BR002, BR004, BR005)
INSERT INTO credit_cards (card_number, account_id, card_status, created_at, updated_at) VALUES
('1234567890123456', '12345678901', 'A', CURRENT_TIMESTAMP, CURRENT_TIMESTAMP),
('2345678901234567', '12345678901', 'A', CURRENT_TIMESTAMP, CURRENT_TIMESTAMP),
('3456789012345678', '23456789012', 'A', CURRENT_TIMESTAMP, CURRENT_TIMESTAMP),
('4567890123456789', '23456789012', 'B', CURRENT_TIMESTAMP, CURRENT_TIMESTAMP),
('5678901234567890', '34567890123', 'A', CURRENT_TIMESTAMP, CURRENT_TIMESTAMP),
('6789012345678901', '34567890123', 'I', CURRENT_TIMESTAMP, CURRENT_TIMESTAMP),
('7890123456789012', '45678901234', 'A', CURRENT_TIMESTAMP, CURRENT_TIMESTAMP),
('8901234567890123', '45678901234', 'C', CURRENT_TIMESTAMP, CURRENT_TIMESTAMP),
('9012345678901234', '56789012345', 'A', CURRENT_TIMESTAMP, CURRENT_TIMESTAMP),
('0123456789012345', '56789012345', 'S', CURRENT_TIMESTAMP, CURRENT_TIMESTAMP);

-- Grant user access to accounts (BR001)
-- Admin user has access to all accounts (implicitly through user type)
-- Regular users have access to specific accounts
INSERT INTO user_account_access (user_id, account_id, granted_at) VALUES
('USER001', '12345678901', CURRENT_TIMESTAMP),
('USER001', '23456789012', CURRENT_TIMESTAMP),
('USER002', '34567890123', CURRENT_TIMESTAMP),
('USER003', '45678901234', CURRENT_TIMESTAMP),
('USER003', '56789012345', CURRENT_TIMESTAMP);

-- Comments
COMMENT ON TABLE accounts IS 'Sample accounts for testing';
COMMENT ON TABLE users IS 'Sample users: 1 admin and 3 regular users';
COMMENT ON TABLE credit_cards IS 'Sample credit cards with various statuses';
COMMENT ON TABLE user_account_access IS 'Sample user-account access mappings';
