-- V5__Insert_example_data.sql
-- Insert example records into all tables

-- Insert example accounts
INSERT INTO accounts (acct_id, created_at, updated_at) VALUES
(1001, CURRENT_TIMESTAMP, CURRENT_TIMESTAMP),
(1002, CURRENT_TIMESTAMP, CURRENT_TIMESTAMP),
(1003, CURRENT_TIMESTAMP, CURRENT_TIMESTAMP),
(1004, CURRENT_TIMESTAMP, CURRENT_TIMESTAMP),
(1005, CURRENT_TIMESTAMP, CURRENT_TIMESTAMP);

-- Insert example cards
INSERT INTO cards (card_num, acct_id, account_id, created_at, updated_at) VALUES
('4532123456789012', 1001, 1001, CURRENT_TIMESTAMP, CURRENT_TIMESTAMP),
('4532123456789023', 1002, 1002, CURRENT_TIMESTAMP, CURRENT_TIMESTAMP),
('4532123456789034', 1003, 1003, CURRENT_TIMESTAMP, CURRENT_TIMESTAMP),
('4532123456789045', 1004, 1004, CURRENT_TIMESTAMP, CURRENT_TIMESTAMP),
('4532123456789056', 1005, 1005, CURRENT_TIMESTAMP, CURRENT_TIMESTAMP);

-- Insert example merchants
INSERT INTO merchants (merchant_id, merchant_name, merchant_city, merchant_zip, created_at, updated_at) VALUES
('MER000001', 'Amazon Marketplace', 'Seattle', '98101', CURRENT_TIMESTAMP, CURRENT_TIMESTAMP),
('MER000002', 'Walmart Store', 'Bentonville', '72712', CURRENT_TIMESTAMP, CURRENT_TIMESTAMP),
('MER000003', 'Target Corporation', 'Minneapolis', '55403', CURRENT_TIMESTAMP, CURRENT_TIMESTAMP),
('MER000004', 'Starbucks Coffee', 'Seattle', '98134', CURRENT_TIMESTAMP, CURRENT_TIMESTAMP),
('MER000005', 'Shell Gas Station', 'Houston', '77002', CURRENT_TIMESTAMP, CURRENT_TIMESTAMP),
('MER000006', 'Best Buy Electronics', 'Richfield', '55423', CURRENT_TIMESTAMP, CURRENT_TIMESTAMP),
('MER000007', 'Home Depot Inc', 'Atlanta', '30339', CURRENT_TIMESTAMP, CURRENT_TIMESTAMP),
('MER000008', 'McDonalds Restaurant', 'Chicago', '60601', CURRENT_TIMESTAMP, CURRENT_TIMESTAMP),
('MER000009', 'Whole Foods Market', 'Austin', '78701', CURRENT_TIMESTAMP, CURRENT_TIMESTAMP),
('MER000010', 'CVS Pharmacy', 'Woonsocket', '02895', CURRENT_TIMESTAMP, CURRENT_TIMESTAMP);

-- Insert example transactions
INSERT INTO transactions (
    transaction_id, tran_id, tran_type_cd, tran_cat_cd, tran_source, tran_desc,
    tran_amt, tran_card_num, tran_merchant_id, tran_merchant_name,
    tran_merchant_city, tran_merchant_zip, tran_orig_ts, tran_proc_ts,
    card_id, account_id, merchant_id, created_at, updated_at
) VALUES
('TXN0000000000001', 1001, 1, 101, 'ONLINE', 'Online Purchase - Electronics', 299.99, '4532123456789012', 'MER000001', 'Amazon Marketplace', 'Seattle', '98101', '2025-11-01', '2025-11-01', '4532123456789012', 1001, 'MER000001', CURRENT_TIMESTAMP, CURRENT_TIMESTAMP),
('TXN0000000000002', 1002, 1, 102, 'POS', 'Grocery Purchase', 127.45, '4532123456789012', 'MER000002', 'Walmart Store', 'Bentonville', '72712', '2025-11-02', '2025-11-02', '4532123456789012', 1001, 'MER000002', CURRENT_TIMESTAMP, CURRENT_TIMESTAMP),
('TXN0000000000003', 1003, 1, 103, 'POS', 'Department Store Purchase', 85.50, '4532123456789023', 'MER000003', 'Target Corporation', 'Minneapolis', '55403', '2025-11-03', '2025-11-03', '4532123456789023', 1002, 'MER000003', CURRENT_TIMESTAMP, CURRENT_TIMESTAMP),
('TXN0000000000004', 1004, 1, 104, 'POS', 'Coffee and Breakfast', 12.75, '4532123456789023', 'MER000004', 'Starbucks Coffee', 'Seattle', '98134', '2025-11-04', '2025-11-04', '4532123456789023', 1002, 'MER000004', CURRENT_TIMESTAMP, CURRENT_TIMESTAMP),
('TXN0000000000005', 1005, 1, 105, 'POS', 'Gas Station Purchase', 45.00, '4532123456789034', 'MER000005', 'Shell Gas Station', 'Houston', '77002', '2025-11-05', '2025-11-05', '4532123456789034', 1003, 'MER000005', CURRENT_TIMESTAMP, CURRENT_TIMESTAMP),
('TXN0000000000006', 1006, 1, 101, 'POS', 'Electronics Purchase', 549.99, '4532123456789034', 'MER000006', 'Best Buy Electronics', 'Richfield', '55423', '2025-11-06', '2025-11-06', '4532123456789034', 1003, 'MER000006', CURRENT_TIMESTAMP, CURRENT_TIMESTAMP),
('TXN0000000000007', 1007, 1, 106, 'POS', 'Home Improvement Purchase', 234.50, '4532123456789045', 'MER000007', 'Home Depot Inc', 'Atlanta', '30339', '2025-11-07', '2025-11-07', '4532123456789045', 1004, 'MER000007', CURRENT_TIMESTAMP, CURRENT_TIMESTAMP),
('TXN0000000000008', 1008, 1, 104, 'POS', 'Fast Food Purchase', 18.99, '4532123456789045', 'MER000008', 'McDonalds Restaurant', 'Chicago', '60601', '2025-11-08', '2025-11-08', '4532123456789045', 1004, 'MER000008', CURRENT_TIMESTAMP, CURRENT_TIMESTAMP),
('TXN0000000000009', 1009, 1, 102, 'POS', 'Organic Grocery Purchase', 156.78, '4532123456789056', 'MER000009', 'Whole Foods Market', 'Austin', '78701', '2025-11-09', '2025-11-09', '4532123456789056', 1005, 'MER000009', CURRENT_TIMESTAMP, CURRENT_TIMESTAMP),
('TXN0000000000010', 1010, 1, 107, 'POS', 'Pharmacy Purchase', 42.35, '4532123456789056', 'MER000010', 'CVS Pharmacy', 'Woonsocket', '02895', '2025-11-10', '2025-11-10', '4532123456789056', 1005, 'MER000010', CURRENT_TIMESTAMP, CURRENT_TIMESTAMP),
('TXN0000000000011', 1011, 2, 101, 'ONLINE', 'Return - Electronics', -299.99, '4532123456789012', 'MER000001', 'Amazon Marketplace', 'Seattle', '98101', '2025-11-11', '2025-11-11', '4532123456789012', 1001, 'MER000001', CURRENT_TIMESTAMP, CURRENT_TIMESTAMP),
('TXN0000000000012', 1012, 1, 104, 'POS', 'Coffee Purchase', 8.50, '4532123456789012', 'MER000004', 'Starbucks Coffee', 'Seattle', '98134', '2025-11-12', '2025-11-12', '4532123456789012', 1001, 'MER000004', CURRENT_TIMESTAMP, CURRENT_TIMESTAMP),
('TXN0000000000013', 1013, 1, 105, 'POS', 'Gas Purchase', 52.00, '4532123456789023', 'MER000005', 'Shell Gas Station', 'Houston', '77002', '2025-11-13', '2025-11-13', '4532123456789023', 1002, 'MER000005', CURRENT_TIMESTAMP, CURRENT_TIMESTAMP),
('TXN0000000000014', 1014, 1, 102, 'POS', 'Weekly Grocery Shopping', 198.25, '4532123456789034', 'MER000002', 'Walmart Store', 'Bentonville', '72712', '2025-11-14', '2025-11-14', '4532123456789034', 1003, 'MER000002', CURRENT_TIMESTAMP, CURRENT_TIMESTAMP),
('TXN0000000000015', 1015, 1, 106, 'POS', 'Garden Supplies', 87.90, '4532123456789045', 'MER000007', 'Home Depot Inc', 'Atlanta', '30339', '2025-11-15', '2025-11-15', '4532123456789045', 1004, 'MER000007', CURRENT_TIMESTAMP, CURRENT_TIMESTAMP);
