-- V6__Insert_sample_data.sql
-- Insert sample test data for all tables
-- Follows exact table structure and data type constraints

-- Insert sample customers
INSERT INTO customers (
    customer_id, first_name, middle_name, last_name,
    address_line_1, address_line_2, address_line_3,
    state_code, country_code, zip_code, fico_credit_score,
    created_at, updated_at
) VALUES
(100000001, 'John', 'Michael', 'Smith', '123 Main Street', 'Apt 4B', NULL, 'CA', 'USA', '90210', 720, CURRENT_TIMESTAMP, CURRENT_TIMESTAMP),
(100000002, 'Sarah', 'Jane', 'Johnson', '456 Oak Avenue', NULL, NULL, 'NY', 'USA', '10001', 680, CURRENT_TIMESTAMP, CURRENT_TIMESTAMP),
(100000003, 'Robert', NULL, 'Williams', '789 Pine Road', 'Suite 200', 'Building C', 'TX', 'USA', '75001', 750, CURRENT_TIMESTAMP, CURRENT_TIMESTAMP),
(100000004, 'Maria', 'Elena', 'Garcia', '321 Elm Street', NULL, NULL, 'FL', 'USA', '33101', 690, CURRENT_TIMESTAMP, CURRENT_TIMESTAMP),
(100000005, 'David', 'Alexander', 'Brown', '654 Maple Drive', 'Unit 12', NULL, 'IL', 'USA', '60601', 800, CURRENT_TIMESTAMP, CURRENT_TIMESTAMP),
(100000006, 'Jennifer', 'Ann', 'Davis', '987 Cedar Lane', NULL, NULL, 'WA', 'USA', '98101', 640, CURRENT_TIMESTAMP, CURRENT_TIMESTAMP),
(100000007, 'Michael', 'James', 'Miller', '147 Birch Boulevard', 'Floor 3', NULL, 'MA', 'USA', '02101', 770, CURRENT_TIMESTAMP, CURRENT_TIMESTAMP),
(100000008, 'Lisa', NULL, 'Wilson', '258 Spruce Court', NULL, NULL, 'AZ', 'USA', '85001', 710, CURRENT_TIMESTAMP, CURRENT_TIMESTAMP),
(100000009, 'Christopher', 'Lee', 'Moore', '369 Willow Way', 'Apt 5A', NULL, 'CO', 'USA', '80201', 730, CURRENT_TIMESTAMP, CURRENT_TIMESTAMP),
(100000010, 'Amanda', 'Marie', 'Taylor', '741 Ash Avenue', NULL, NULL, 'OR', 'USA', '97201', 660, CURRENT_TIMESTAMP, CURRENT_TIMESTAMP);

-- Insert sample accounts
INSERT INTO accounts (
    account_id, current_balance, credit_limit, customer_id,
    created_at, updated_at
) VALUES
(10000000001, 1250.50, 5000.00, 100000001, CURRENT_TIMESTAMP, CURRENT_TIMESTAMP),
(10000000002, 3750.25, 10000.00, 100000002, CURRENT_TIMESTAMP, CURRENT_TIMESTAMP),
(10000000003, 0.00, 7500.00, 100000003, CURRENT_TIMESTAMP, CURRENT_TIMESTAMP),
(10000000004, 2100.75, 8000.00, 100000004, CURRENT_TIMESTAMP, CURRENT_TIMESTAMP),
(10000000005, 5500.00, 15000.00, 100000005, CURRENT_TIMESTAMP, CURRENT_TIMESTAMP),
(10000000006, 950.30, 3000.00, 100000006, CURRENT_TIMESTAMP, CURRENT_TIMESTAMP),
(10000000007, 4200.80, 12000.00, 100000007, CURRENT_TIMESTAMP, CURRENT_TIMESTAMP),
(10000000008, 1800.45, 6000.00, 100000008, CURRENT_TIMESTAMP, CURRENT_TIMESTAMP),
(10000000009, 2900.60, 9000.00, 100000009, CURRENT_TIMESTAMP, CURRENT_TIMESTAMP),
(10000000010, 600.15, 2500.00, 100000010, CURRENT_TIMESTAMP, CURRENT_TIMESTAMP),
(10000000011, 8500.00, 20000.00, 100000001, CURRENT_TIMESTAMP, CURRENT_TIMESTAMP),
(10000000012, 150.00, 1000.00, 100000005, CURRENT_TIMESTAMP, CURRENT_TIMESTAMP);

-- Insert sample cards
INSERT INTO cards (
    card_number, customer_id, account_id,
    created_at, updated_at
) VALUES
('4111111111111111', 100000001, 10000000001, CURRENT_TIMESTAMP, CURRENT_TIMESTAMP),
('4222222222222222', 100000002, 10000000002, CURRENT_TIMESTAMP, CURRENT_TIMESTAMP),
('4333333333333333', 100000003, 10000000003, CURRENT_TIMESTAMP, CURRENT_TIMESTAMP),
('4444444444444444', 100000004, 10000000004, CURRENT_TIMESTAMP, CURRENT_TIMESTAMP),
('4555555555555555', 100000005, 10000000005, CURRENT_TIMESTAMP, CURRENT_TIMESTAMP),
('4666666666666666', 100000006, 10000000006, CURRENT_TIMESTAMP, CURRENT_TIMESTAMP),
('4777777777777777', 100000007, 10000000007, CURRENT_TIMESTAMP, CURRENT_TIMESTAMP),
('4888888888888888', 100000008, 10000000008, CURRENT_TIMESTAMP, CURRENT_TIMESTAMP),
('4999999999999999', 100000009, 10000000009, CURRENT_TIMESTAMP, CURRENT_TIMESTAMP),
('5111111111111111', 100000010, 10000000010, CURRENT_TIMESTAMP, CURRENT_TIMESTAMP),
('5222222222222222', 100000001, 10000000011, CURRENT_TIMESTAMP, CURRENT_TIMESTAMP),
('5333333333333333', 100000005, 10000000012, CURRENT_TIMESTAMP, CURRENT_TIMESTAMP);

-- Insert sample transactions (using H2-compatible date functions)
INSERT INTO transactions (
    transaction_id, transaction_type_code, transaction_category_code,
    transaction_source, transaction_description, transaction_amount,
    card_number, created_at, updated_at
) VALUES
('1000000000000001', '01', '1001', 'POS', 'GROCERY STORE PURCHASE', 125.50, '4111111111111111', DATEADD('DAY', -30, CURRENT_TIMESTAMP), DATEADD('DAY', -30, CURRENT_TIMESTAMP)),
('1000000000000002', '02', '2001', 'ONLINE', 'BILL PAYMENT - UTILITY', 250.00, '4111111111111111', DATEADD('DAY', -25, CURRENT_TIMESTAMP), DATEADD('DAY', -25, CURRENT_TIMESTAMP)),
('1000000000000003', '01', '1002', 'POS', 'GAS STATION PURCHASE', 65.75, '4222222222222222', DATEADD('DAY', -28, CURRENT_TIMESTAMP), DATEADD('DAY', -28, CURRENT_TIMESTAMP)),
('1000000000000004', '02', '2002', 'ONLINE', 'BILL PAYMENT - CREDIT CARD', 500.00, '4222222222222222', DATEADD('DAY', -20, CURRENT_TIMESTAMP), DATEADD('DAY', -20, CURRENT_TIMESTAMP)),
('1000000000000005', '01', '1003', 'POS', 'RESTAURANT PURCHASE', 85.30, '4333333333333333', DATEADD('DAY', -22, CURRENT_TIMESTAMP), DATEADD('DAY', -22, CURRENT_TIMESTAMP)),
('1000000000000006', '03', '3001', 'ATM', 'CASH WITHDRAWAL', 200.00, '4444444444444444', DATEADD('DAY', -18, CURRENT_TIMESTAMP), DATEADD('DAY', -18, CURRENT_TIMESTAMP)),
('1000000000000007', '01', '1004', 'ONLINE', 'ONLINE SHOPPING PURCHASE', 350.25, '4555555555555555', DATEADD('DAY', -15, CURRENT_TIMESTAMP), DATEADD('DAY', -15, CURRENT_TIMESTAMP)),
('1000000000000008', '02', '2003', 'ONLINE', 'BILL PAYMENT - INSURANCE', 450.00, '4555555555555555', DATEADD('DAY', -12, CURRENT_TIMESTAMP), DATEADD('DAY', -12, CURRENT_TIMESTAMP)),
('1000000000000009', '01', '1001', 'POS', 'GROCERY STORE PURCHASE', 175.80, '4666666666666666', DATEADD('DAY', -10, CURRENT_TIMESTAMP), DATEADD('DAY', -10, CURRENT_TIMESTAMP)),
('1000000000000010', '01', '1005', 'POS', 'PHARMACY PURCHASE', 45.60, '4777777777777777', DATEADD('DAY', -8, CURRENT_TIMESTAMP), DATEADD('DAY', -8, CURRENT_TIMESTAMP)),
('1000000000000011', '02', '2001', 'ONLINE', 'BILL PAYMENT - UTILITY', 180.50, '4888888888888888', DATEADD('DAY', -7, CURRENT_TIMESTAMP), DATEADD('DAY', -7, CURRENT_TIMESTAMP)),
('1000000000000012', '01', '1003', 'POS', 'RESTAURANT PURCHASE', 120.00, '4999999999999999', DATEADD('DAY', -5, CURRENT_TIMESTAMP), DATEADD('DAY', -5, CURRENT_TIMESTAMP)),
('1000000000000013', '01', '1002', 'POS', 'GAS STATION PURCHASE', 70.25, '5111111111111111', DATEADD('DAY', -4, CURRENT_TIMESTAMP), DATEADD('DAY', -4, CURRENT_TIMESTAMP)),
('1000000000000014', '02', '2004', 'ONLINE', 'BILL PAYMENT - PHONE', 95.00, '5222222222222222', DATEADD('DAY', -3, CURRENT_TIMESTAMP), DATEADD('DAY', -3, CURRENT_TIMESTAMP)),
('1000000000000015', '01', '1004', 'ONLINE', 'ONLINE SHOPPING PURCHASE', 225.40, '5333333333333333', DATEADD('DAY', -2, CURRENT_TIMESTAMP), DATEADD('DAY', -2, CURRENT_TIMESTAMP)),
('1000000000000016', '03', '3001', 'ATM', 'CASH WITHDRAWAL', 150.00, '4111111111111111', DATEADD('DAY', -1, CURRENT_TIMESTAMP), DATEADD('DAY', -1, CURRENT_TIMESTAMP)),
('1000000000000017', '01', '1006', 'POS', 'DEPARTMENT STORE PURCHASE', 320.75, '4222222222222222', CURRENT_TIMESTAMP, CURRENT_TIMESTAMP),
('1000000000000018', '02', '2005', 'ONLINE', 'BILL PAYMENT - MORTGAGE', 1500.00, '4555555555555555', DATEADD('DAY', -60, CURRENT_TIMESTAMP), DATEADD('DAY', -60, CURRENT_TIMESTAMP)),
('1000000000000019', '01', '1007', 'POS', 'ELECTRONICS STORE PURCHASE', 899.99, '5222222222222222', DATEADD('DAY', -45, CURRENT_TIMESTAMP), DATEADD('DAY', -45, CURRENT_TIMESTAMP)),
('1000000000000020', '02', '2001', 'ONLINE', 'BILL PAYMENT - UTILITY', 220.35, '4777777777777777', DATEADD('DAY', -35, CURRENT_TIMESTAMP), DATEADD('DAY', -35, CURRENT_TIMESTAMP));

-- Insert sample statements
INSERT INTO statements (
    customer_name, customer_address, account_id, current_balance,
    fico_score, total_transaction_amount, customer_id, account_reference_id,
    statement_period_start, statement_period_end,
    plain_text_content, html_content, status,
    created_at, updated_at
) VALUES
(
    'John Michael Smith',
    '123 Main Street, Apt 4B, CA 90210 USA',
    10000000001,
    1250.50,
    720,
    375.50,
    100000001,
    10000000001,
    DATEADD('DAY', -30, CURRENT_TIMESTAMP),
    CURRENT_TIMESTAMP,
    'STATEMENT FOR ACCOUNT: 10000000001\nCustomer: John Michael Smith\nBalance: $1,250.50\nTransactions this period: 3',
    '<html><body><h1>Account Statement</h1><p>Account: 10000000001</p><p>Customer: John Michael Smith</p><p>Balance: $1,250.50</p></body></html>',
    'GENERATED',
    CURRENT_TIMESTAMP,
    CURRENT_TIMESTAMP
),
(
    'Sarah Jane Johnson',
    '456 Oak Avenue, NY 10001 USA',
    10000000002,
    3750.25,
    680,
    885.75,
    100000002,
    10000000002,
    DATEADD('DAY', -30, CURRENT_TIMESTAMP),
    CURRENT_TIMESTAMP,
    'STATEMENT FOR ACCOUNT: 10000000002\nCustomer: Sarah Jane Johnson\nBalance: $3,750.25\nTransactions this period: 2',
    '<html><body><h1>Account Statement</h1><p>Account: 10000000002</p><p>Customer: Sarah Jane Johnson</p><p>Balance: $3,750.25</p></body></html>',
    'GENERATED',
    CURRENT_TIMESTAMP,
    CURRENT_TIMESTAMP
),
(
    'Robert Williams',
    '789 Pine Road, Suite 200, Building C, TX 75001 USA',
    10000000003,
    0.00,
    750,
    85.30,
    100000003,
    10000000003,
    DATEADD('DAY', -30, CURRENT_TIMESTAMP),
    CURRENT_TIMESTAMP,
    'STATEMENT FOR ACCOUNT: 10000000003\nCustomer: Robert Williams\nBalance: $0.00\nTransactions this period: 1',
    '<html><body><h1>Account Statement</h1><p>Account: 10000000003</p><p>Customer: Robert Williams</p><p>Balance: $0.00</p></body></html>',
    'GENERATED',
    CURRENT_TIMESTAMP,
    CURRENT_TIMESTAMP
),
(
    'David Alexander Brown',
    '654 Maple Drive, Unit 12, IL 60601 USA',
    10000000005,
    5500.00,
    800,
    800.25,
    100000005,
    10000000005,
    DATEADD('DAY', -30, CURRENT_TIMESTAMP),
    CURRENT_TIMESTAMP,
    'STATEMENT FOR ACCOUNT: 10000000005\nCustomer: David Alexander Brown\nBalance: $5,500.00\nTransactions this period: 2',
    '<html><body><h1>Account Statement</h1><p>Account: 10000000005</p><p>Customer: David Alexander Brown</p><p>Balance: $5,500.00</p></body></html>',
    'GENERATED',
    CURRENT_TIMESTAMP,
    CURRENT_TIMESTAMP
),
(
    'Michael James Miller',
    '147 Birch Boulevard, Floor 3, MA 02101 USA',
    10000000007,
    4200.80,
    770,
    265.60,
    100000007,
    10000000007,
    DATEADD('DAY', -30, CURRENT_TIMESTAMP),
    CURRENT_TIMESTAMP,
    'STATEMENT FOR ACCOUNT: 10000000007\nCustomer: Michael James Miller\nBalance: $4,200.80\nTransactions this period: 2',
    '<html><body><h1>Account Statement</h1><p>Account: 10000000007</p><p>Customer: Michael James Miller</p><p>Balance: $4,200.80</p></body></html>',
    'SENT',
    DATEADD('DAY', -5, CURRENT_TIMESTAMP),
    DATEADD('DAY', -5, CURRENT_TIMESTAMP)
);

-- Add helpful comments
COMMENT ON TABLE customers IS 'Sample customer data for testing';
COMMENT ON TABLE accounts IS 'Sample account data linked to customers';
COMMENT ON TABLE cards IS 'Sample card data linked to customers and accounts';
COMMENT ON TABLE transactions IS 'Sample transaction data with various types and categories';
COMMENT ON TABLE statements IS 'Sample statement data for account holders';
